{"cameraMode":{"drawMode":0,"name":"Shaded","section":"Shading Mode"},"sceneLighting":false,"audioPlay":false,"sceneViewState":{"m_AlwaysRefresh":false,"showFog":true,"showSkybox":false,"showFlares":true,"showImageEffects":true,"showParticleSystems":true,"showVisualEffectGraphs":true,"m_FxEnabled":false},"in2DMode":false,"pivot":{"x":-1.514458417892456,"y":-0.46912673115730288,"z":-9.975214004516602},"rotation":{"x":-0.16859282553195954,"y":0.03394320607185364,"z":-0.005944832228124142,"w":-0.9851257801055908},"size":6.7732462882995609,"orthographic":false}