{"cameraMode":{"drawMode":0,"name":"Shaded","section":"Shading Mode"},"sceneLighting":false,"audioPlay":false,"sceneViewState":{"m_AlwaysRefresh":false,"showFog":true,"showSkybox":false,"showFlares":true,"showImageEffects":true,"showParticleSystems":true,"showVisualEffectGraphs":true,"m_FxEnabled":true},"in2DMode":false,"pivot":{"x":2.763183832168579,"y":0.4280581474304199,"z":-15.220231056213379},"rotation":{"x":-0.15915733575820924,"y":0.08930643647909165,"z":-0.014457741752266884,"w":-0.9831032752990723},"size":0.46856918931007388,"orthographic":false}