{"cameraMode":{"drawMode":0,"name":"Shaded","section":"Shading Mode"},"sceneLighting":false,"audioPlay":false,"sceneViewState":{"m_AlwaysRefresh":false,"showFog":true,"showSkybox":false,"showFlares":true,"showImageEffects":true,"showParticleSystems":true,"showVisualEffectGraphs":true,"m_FxEnabled":true},"in2DMode":false,"pivot":{"x":3.6365442276000978,"y":0.39773261547088625,"z":-14.022374153137207},"rotation":{"x":-0.2512122690677643,"y":0.08754372596740723,"z":-0.02282026968896389,"w":-0.9636989831924439},"size":0.46856918931007388,"orthographic":false}