{"cameraMode":{"drawMode":0,"name":"Shaded","section":"Shading Mode"},"sceneLighting":false,"audioPlay":false,"sceneViewState":{"m_AlwaysRefresh":false,"showFog":true,"showSkybox":false,"showFlares":true,"showImageEffects":true,"showParticleSystems":true,"showVisualEffectGraphs":true,"m_FxEnabled":true},"in2DMode":false,"pivot":{"x":0.5832366943359375,"y":6.481319427490234,"z":0.6007184982299805},"rotation":{"x":-0.24970784783363343,"y":0.17088191211223603,"z":-0.044817715883255008,"w":-0.9520741105079651},"size":26.357885360717775,"orthographic":false}