{"cameraMode":{"drawMode":0,"name":"Shaded","section":"Shading Mode"},"sceneLighting":false,"audioPlay":false,"sceneViewState":{"m_AlwaysRefresh":false,"showFog":true,"showSkybox":false,"showFlares":true,"showImageEffects":true,"showParticleSystems":true,"showVisualEffectGraphs":true,"m_FxEnabled":true},"in2DMode":false,"pivot":{"x":2.0031471252441408,"y":14.383204460144043,"z":2.0886764526367189},"rotation":{"x":-0.24970784783363343,"y":0.17088191211223603,"z":-0.044817715883255008,"w":-0.9520741105079651},"size":30.384033203125,"orthographic":false}