{"cameraMode":{"drawMode":0,"name":"Shaded","section":"Shading Mode"},"sceneLighting":false,"audioPlay":false,"sceneViewState":{"m_AlwaysRefresh":false,"showFog":true,"showSkybox":false,"showFlares":true,"showImageEffects":true,"showParticleSystems":true,"showVisualEffectGraphs":true,"m_FxEnabled":true},"in2DMode":false,"pivot":{"x":-0.31862035393714907,"y":1.2541470527648926,"z":0.5823261141777039},"rotation":{"x":0.12712274491786958,"y":-0.022315455600619317,"z":0.0028607333078980448,"w":0.991632342338562},"size":0.3571334183216095,"orthographic":false}