{"cameraMode":{"drawMode":0,"name":"Shaded","section":"Shading Mode"},"sceneLighting":false,"audioPlay":false,"sceneViewState":{"m_AlwaysRefresh":false,"showFog":true,"showSkybox":false,"showFlares":true,"showImageEffects":true,"showParticleSystems":true,"showVisualEffectGraphs":true,"m_FxEnabled":true},"in2DMode":false,"pivot":{"x":1.2748236656188965,"y":0.7000000476837158,"z":1.034999966621399},"rotation":{"x":-0.0066695502027869228,"y":-0.9845180511474609,"z":0.03841580078005791,"w":-0.17091433703899384},"size":2.6355690956115724,"orthographic":false}