{"cameraMode":{"drawMode":0,"name":"Shaded","section":"Shading Mode"},"sceneLighting":false,"audioPlay":false,"sceneViewState":{"m_AlwaysRefresh":false,"showFog":true,"showSkybox":false,"showFlares":true,"showImageEffects":true,"showParticleSystems":true,"showVisualEffectGraphs":true,"m_FxEnabled":true},"in2DMode":false,"pivot":{"x":6.136344909667969,"y":-0.46700000762939455,"z":-1.215999960899353},"rotation":{"x":-0.3114723563194275,"y":-0.08340241014957428,"z":0.027396023273468019,"w":-0.9462159276008606},"size":0.7956588864326477,"orthographic":false}