{"cameraMode":{"drawMode":0,"name":"Shaded","section":"Shading Mode"},"sceneLighting":false,"audioPlay":false,"sceneViewState":{"m_AlwaysRefresh":false,"showFog":true,"showSkybox":false,"showFlares":true,"showImageEffects":true,"showParticleSystems":true,"showVisualEffectGraphs":true,"m_FxEnabled":true},"in2DMode":false,"pivot":{"x":-0.11310966312885285,"y":0.9397456645965576,"z":0.23714865744113923},"rotation":{"x":-0.003594781504943967,"y":0.9964026808738709,"z":-0.058665789663791659,"w":-0.06105518341064453},"size":0.9915168285369873,"orthographic":false}