{"cameraMode":{"drawMode":0,"name":"Shaded","section":"Shading Mode"},"sceneLighting":false,"audioPlay":false,"sceneViewState":{"m_AlwaysRefresh":false,"showFog":true,"showSkybox":false,"showFlares":true,"showImageEffects":true,"showParticleSystems":true,"showVisualEffectGraphs":true,"m_FxEnabled":true},"in2DMode":false,"pivot":{"x":-0.41925370693206789,"y":1.3018271923065186,"z":0.817645788192749},"rotation":{"x":0.006726966705173254,"y":0.9904617667198181,"z":-0.12728449702262879,"w":0.052345991134643558},"size":0.2668992877006531,"orthographic":false}