{"cameraMode":{"drawMode":0,"name":"Shaded","section":"Shading Mode"},"sceneLighting":false,"audioPlay":false,"sceneViewState":{"m_AlwaysRefresh":false,"showFog":true,"showSkybox":false,"showFlares":true,"showImageEffects":true,"showParticleSystems":true,"showVisualEffectGraphs":true,"m_FxEnabled":true},"in2DMode":false,"pivot":{"x":3.5361969470977785,"y":0.1823800504207611,"z":-1.782526969909668},"rotation":{"x":0.08664499223232269,"y":-0.9116886258125305,"z":0.25380152463912966,"w":0.3113701045513153},"size":0.025503216311335565,"orthographic":false}