{"cameraMode":{"drawMode":0,"name":"Shaded","section":"Shading Mode"},"sceneLighting":false,"audioPlay":false,"sceneViewState":{"m_AlwaysRefresh":false,"showFog":true,"showSkybox":false,"showFlares":true,"showImageEffects":true,"showParticleSystems":true,"showVisualEffectGraphs":true,"m_FxEnabled":true},"in2DMode":false,"pivot":{"x":-1.4588251113891602,"y":11.376359939575196,"z":-0.9540510177612305},"rotation":{"x":-0.22087453305721284,"y":-0.08123662322759628,"z":0.018476184457540513,"w":-0.971747100353241},"size":32.029788970947269,"orthographic":false}